조사년도,학번,입학년월,졸업년월,취업구분,취업구분1,국내진학학교명/국내기업명,기업지역,기업구분,회사구분,전공일치여부
2020,201124529,20110322,201908,기타,미취업,,,,,
2020,201224412,20120322,201908,기타,미취업,,,,,
2020,201224439,20120322,201908,기타,미취업,,,,,
2020,201224531,20120322,201908,기타,미취업,,,,,
2020,201224537,20120322,201908,기타,미취업,,,,,
2020,201228174,20120322,201908,기타,미취업,,,,,
2020,201324404,20130342,201908,취업자(건보가입자),취업,한국재정정보원,서울,공공기관,한국재정정보원,Y
2020,201324410,20130342,201908,취업자(건보가입자),취업,실리콘웍스,서울,중소기업,실리콘웍스,Y
2020,201324438,20130342,201908,취업자(건보가입자),취업,삼성전자,경기,대기업,삼성전자,Y
2020,201324460,20130342,201908,취업자(건보가입자),취업,한전KDN,전남,공공기관,한전KDN,Y
2020,201324476,20130342,201908,취업자(건보가입자),취업,라인파이낸셜플러스,경기,중소기업,라인파이낸셜플러스,Y
2020,201324479,20130342,201908,취업자(건보가입자),취업,네이버,경기,대기업,네이버,Y
2020,201324481,20130342,201908,기타,미취업,,,,,
2020,201324504,20130342,201908,취업자(건보가입자),취업,KT,부산,대기업,KT,Y
2020,201324505,20130342,201908,기타,미취업,,,,,
2020,201324516,20130342,201908,진학자(국내대학원),진학,부산대학교 일반대학원,,대학원,,
2020,201324526,20130342,201908,취업자(건보가입자),취업,네이버클라우드,경기,대기업,네이버클라우드,Y
2020,201324528,20130342,201908,취업자(건보가입자),취업,하나금융티아이,서울,대기업,하나금융티아이,Y
2020,201324535,20130342,201908,취업자(건보가입자),취업,,미상,직접입력,기타,Y
2020,201324542,20130342,201908,취업자(건보가입자),취업,부산시청,부산,공공기관,부산시청,Y
2020,201324543,20130342,201908,취업자(건보가입자),취업,쿠팡,서울,대기업,쿠팡,Y
2020,201324544,20130342,201908,취업자(건보가입자),취업,,미상,직접입력,기타,Y
2020,201324549,20130342,201908,기타,미취업,,,,,
2020,201424401,20140332,201908,취업자(건보가입자),취업,해성DS,경남,중소기업,해성DS,Y
2020,201424433,20140332,201908,취업자(건보가입자),취업,한화시스템,서울,대기업,한화시스템,Y
2020,201424453,20140332,201908,취업자(건보가입자),취업,LG씨엔에스,서울,대기업,LG씨엔에스,Y
2020,201424497,20140332,201908,취업자(건보가입자),취업,,미상,직접입력,기타,Y
2020,201424525,20140332,201908,취업자(건보가입자),취업,케어닥,서울,중소기업,케어닥,Y
2020,201424538,20140332,201908,취업자(건보가입자),취업,한국수자원공사,경남,공공기관,한국수자원공사,Y
2020,201524454,20150322,201908,외국인,외국인,,,,,
2020,201524485,20150322,201908,취업자(건보가입자),취업,산업은행,경기,공공기관,산업은행,Y
2020,201524596,20150322,201908,취업자(건보가입자),취업,코스콤,서울,대기업,코스콤,Y
2020,201524643,20170322,201908,취업자(건보가입자),취업,한국전력기술,경북,공공기관,한국전력기술,Y
2020,201524646,20170322,201908,기타,미취업,,,,,
2020,201524652,20170322,201908,기타,미취업,,,,,
2020,201545832,20150322,201908,진학자(국내대학원),진학,포항공과대학교 대학원,,대학원,,
2020,201124477,20110322,201908,취업자(건보가입자),취업,금정구청,부산,공공기관,금정구청,Y
2020,201124405,20110322,202002,취업자(건보가입자),취업,한국전력공사,강원,공공기관,한국전력공사,Y
2020,201224408,20120322,202002,취업자(건보가입자),취업,네이버,경기,대기업,네이버,Y
2020,201224456,20120322,202002,기타,미취업,,,,,
2020,201224463,20120322,202002,취업자(건보가입자),취업,채티스,부산,중소기업,채티스,Y
2020,201224481,20120322,202002,취업자(건보가입자),취업,나비스오토모티브시스템즈,부산,중소기업,나비스오토모티브시스템즈,Y
2020,201224497,20120322,202002,기타,미취업,,,,,
2020,201224549,20120322,202002,기타,미취업,,,,,
2020,201324418,20130342,202002,취업자(건보가입자),취업,삼성전자,경기,대기업,삼성전자,Y
2020,201324429,20130342,202002,취업자(건보가입자),취업,엠제이비전테크,대구,중소기업,엠제이비전테크,Y
2020,201324430,20130342,202002,취업자(건보가입자),취업,콤웨어,서울,중소기업,콤웨어,Y
2020,201324432,20130342,202002,취업자(건보가입자),취업,인천국제공항공사,인천,공공기관,인천국제공항공사,Y
2020,201324435,20130342,202002,취업자(건보가입자),취업,삼성전자,경기,대기업,삼성전자,Y
2020,201324436,20130342,202002,취업자(건보가입자),취업,신한은행,서울,대기업,신한은행,Y
2020,201324442,20130342,202002,취업자(건보가입자),취업,,부산,직접입력,261하우스,Y
2020,201324445,20130342,202002,진학자(국내대학원),진학,부산대학교 일반대학원,,대학원,,
2020,201324451,20130342,202002,취업자(건보가입자),취업,국가수리과학연구소,부산,공공기관,국가수리과학연구소,Y
2020,201324452,20130342,202002,취업자(건보가입자),취업,롯데정보통신,서울,대기업,롯데정보통신,Y
2020,201324456,20130342,202002,취업자(건보가입자),취업,삼성전자,경기,대기업,삼성전자,Y
2020,201324459,20130342,202002,취업자(건보가입자),취업,스필리언,서울,중소기업,스필리언,Y
2020,201324461,20130342,202002,기타,미취업,,,,,
2020,201324471,20130342,202002,기타,미취업,,,,,
2020,201324483,20130342,202002,기타,미취업,,,,,
2020,201324484,20130342,202002,진학자(국내대학원),진학,부산대학교 일반대학원,,대학원,,
2020,201324485,20130342,202002,취업자(건보가입자),취업,LG전자,경남,대기업,LG전자,Y
2020,201324509,20130342,202002,기타,미취업,,,,,
2020,201324512,20130342,202002,취업자(건보가입자),취업,네이버클라우드,서울,대기업,네이버클라우드,Y
2020,201324531,20130342,202002,취업자(건보가입자),취업,한전KDN,울산,공공기관,한전KDN,Y
2020,201324538,20130342,202002,진학자(국내대학원),진학,부산대학교 일반대학원,,대학원,,
2020,201324540,20130342,202002,취업자(건보가입자),취업,한전KDN,부산,공공기관,한전KDN,Y
2020,201345838,20130342,202002,취업자(건보가입자),취업,,미상,직접입력,기타,Y
2020,201424402,20140332,202002,취업자(건보가입자),취업,카사코리아,서울,중소기업,카사코리아,Y
2020,201424409,20140332,202002,기타,미취업,,,,,
2020,201424420,20140332,202002,취업자(건보가입자),취업,한국수자원공사,,공공기관,한국수자원공사,Y
2020,201424421,20140332,202002,진학자(국내대학원),진학,울산과학기술원 일반대학원,,대학원,,
2020,201424427,20140332,202002,취업자(건보가입자),취업,캠코,부산,공공기관,캠코,Y
2020,201424432,20140332,202002,기타,미취업,,,,,
2020,201424434,20140332,202002,취업자(건보가입자),취업,롯데정보통신,서울,대기업,롯데정보통신,Y
2020,201424440,20140332,202002,취업자(건보가입자),취업,수협은행,서울,중소기업,수협은행,Y
2020,201424441,20140332,202002,취업자(건보가입자),취업,,부산,직접입력,기타,Y
2020,201424463,20140332,202002,취업자(건보가입자),취업,한국남부발전,부산,공공기관,한국남부발전,Y
2020,201424470,20140332,202002,취업자(건보가입자),취업,부산은행,부산,대기업,부산은행,Y
2020,201424471,20140332,202002,진학자(국내대학원),진학,부산대학교 일반대학원,,대학원,,
2020,201424474,20140332,202002,진학자(국내대학원),진학,부산대학교 일반대학원,,대학원,,
2020,201424476,20140332,202002,진학자(국내대학원),진학,부산대학교 일반대학원,,대학원,,
2020,201424479,20140332,202002,취업자(건보가입자),취업,삼성전자,경기,대기업,삼성전자,Y
2020,201424485,20140332,202002,취업자(건보가입자),취업,영화진흥위원회,부산,공공기관,영화진흥위원회,Y
2020,201424486,20140332,202002,취업자(건보가입자),취업,KT,서울,대기업,KT,Y
2020,201424488,20140332,202002,취업자(건보가입자),취업,삼성전자,경기,대기업,삼성전자,Y
2020,201424494,20140332,202002,진학자(국내대학원),진학,부산대학교 일반대학원,,대학원,,
2020,201424496,20140332,202002,기타,미취업,,,,,
2020,201424519,20140332,202002,진학자(국내대학원),진학,부산대학교 일반대학원,,대학원,,
2020,201424527,20140332,202002,기타,미취업,,,,,
2020,201424530,20140332,202002,취업자(건보가입자),취업,한국자산관리공사,부산,공공기관,한국자산관리공사,Y
2020,201424532,20140332,202002,취업자(건보가입자),취업,삼성디스플레이,경기,대기업,삼성디스플레이,Y
2020,201424533,20140332,202002,기타,미취업,,,,,
2020,201424552,20140332,202002,기타,미취업,,,,,
2020,201424558,20140332,202002,기타,미취업,,,,,
2020,201424572,20160322,202002,기타,미취업,,,,,
2020,201424573,20160322,202002,취업자(건보가입자),취업,,미상,직접입력,기타,Y
2020,201524407,20150322,202002,기타,미취업,,,,,
2020,201524452,20150322,202002,취업자(건보가입자),취업,,미상,직접입력,기타,Y
2020,201524459,20150322,202002,취업자(건보가입자),취업,현대모비스,경기,대기업,현대모비스,Y
2020,201524475,20150322,202002,취업자(건보가입자),취업,한국자산관리공사,부산,공공기관,한국자산관리공사,Y
2020,201524480,20150322,202002,취업자(건보가입자),취업,한국무역보험공사,서울,공공기관,한국무역보험공사,Y
2020,201524493,20150322,202002,취업자(건보가입자),취업,한국도로공사,경북,공공기관,한국도로공사,Y
2020,201524508,20150322,202002,취업자(건보가입자),취업,라드씨엔에스,서울,중소기업,라드씨엔에스,Y
2020,201524535,20150322,202002,기타,미취업,,,,,
2020,201524546,20150322,202002,취업자(건보가입자),취업,한국전력공사,경북,공공기관,한국전력공사,Y
2020,201524551,20150322,202002,취업자(건보가입자),취업,공무원연금공단,제주,공공기관,공무원연금공단,Y
2020,201524555,20150322,202002,취업자(건보가입자),취업,인천국제공항공사,인천,공공기관,인천국제공항공사,Y
2020,201524556,20150322,202002,진학자(국내대학원),진학,부산대학교 일반대학원,,대학원,,
2020,201524581,20150322,202002,취업자(건보가입자),취업,부산은행,부산,대기업,부산은행,Y
2020,201524586,20150322,202002,취업자(건보가입자),취업,DM컴퍼니,부산,중소기업,DM컴퍼니,Y
2020,201524629,20150912,202002,외국인,외국인,,,,,
2020,201524648,20170322,202002,기타,미취업,,,,,
2020,201524649,20170322,202002,기타,미취업,,,,,
2020,201624409,20160322,202002,취업자(건보가입자),취업,,미상,직접입력,기타,Y
2020,201624489,20160322,202002,취업자(건보가입자),취업,(주)하이컨시,서울,중소기업,(주)하이컨시,Y
2020,201624593,20160322,202002,외국인,외국인,,,,,
2020,201624641,20180322,202002,취업자(건보가입자),취업,두산 디지털이노베이션,서울,대기업,두산 디지털이노베이션,Y
2020,201124444,20110322,202002,기타,미취업,,,,,
2020,201324405,20130342,202002,취업자(건보가입자),취업,투진컴퍼니,부산,중소기업,투진컴퍼니,Y
2021,201124432,20110322,202102,진학자(국내대학원),진학,성균관대학교 일반대학원,,대학원,,
2021,201124445,20110322,202008,취업자(건보가입자),취업,회사명미상(중소기업),경남,중소기업,회사명미상(중소기업),Y
2021,201214112,20120322,202102,취업자(건보가입자),취업,바딧,서울,중소기업,바딧,Y
2021,201224452,20120322,202008,취업자(건보가입자),취업,모두싸인,서울,중소기업,모두싸인,Y
2021,201224505,20120322,202102,기타,미취업,,,,,
2021,201324409,20130342,202008,취업자(건보가입자),취업,LG씨엔에스,서울,대기업,LG씨엔에스,Y
2021,201324416,20130342,202102,취업자(건보가입자),취업,주택도시보증공사,부산,공공기관,주택도시보증공사,Y
2021,201324420,20130342,202008,취업자(건보가입자),취업,스마트빅,부산,중소기업,스마트빅,Y
2021,201324425,20130342,202008,취업자(건보가입자),취업,회사명미상(중소기업),미상,중소기업,회사명미상(중소기업),Y
2021,201324428,20130342,202008,취업자(건보가입자),취업,회사명미상(중소기업),서울,중소기업,회사명미상(중소기업),Y
2021,201324446,20130342,202008,기타,미취업,,,,,
2021,201324466,20130342,202008,취업자(건보가입자),취업,부산교통공사,부산,공공기관,부산교통공사,Y
2021,201324474,20130342,202008,기타,미취업,,,,,
2021,201324480,20130342,202008,프리랜서[국세청DB연계],취업,,,,,
2021,201324482,20130342,202102,기타,미취업,,,,,
2021,201324515,20130342,202008,기타,미취업,,,,,
2021,201345814,20130342,202102,기타,미취업,,,,,
2021,201424405,20140332,202102,기타,미취업,,,,,
2021,201424410,20140332,202008,취업자(건보가입자),취업,회사명미상(중소기업),미상,중소기업,회사명미상(중소기업),Y
2021,201424423,20140332,202102,기타,미취업,부산대학교,,학교,부산대학교,Y
2021,201424426,20140332,202008,진학자(국내대학원),진학,부산대학교 일반대학원,,대학원,,
2021,201424428,20140332,202102,취업자(건보가입자),취업,토탈소프트뱅크,부산,중소기업,토탈소프트뱅크,Y
2021,201424429,20140332,202102,진학자(국내대학원),진학,부산대학교 일반대학원,,대학원,,
2021,201424436,20140332,202102,취업자(건보가입자),취업,벤더스터,부산,중소기업,벤더스터,Y
2021,201424438,20140332,202008,취업자(건보가입자),취업,가우디오랩,서울,중소기업,가우디오랩,Y
2021,201424439,20140332,202102,진학자(국내대학원),진학,부산대학교 일반대학원,,대학원,,
2021,201424442,20140332,202102,취업자(건보가입자),취업,이글루코퍼레이션,서울,중견기업,이글루코퍼레이션,Y
2021,201424451,20140332,202102,기타,미취업,,,,,
2021,201424452,20140332,202102,취업자(건보가입자),취업,삼성전자,경기,대기업,삼성전자,Y
2021,201424455,20140332,202008,취업자(건보가입자),취업,회사명미상(중소기업),미상,중소기업,회사명미상(중소기업),Y
2021,201424457,20140332,202102,취업자(건보가입자),취업,스마트엠투엠,부산,중소기업,스마트엠투엠,Y
2021,201424460,20140332,202102,기타,미취업,,,,,
2021,201424461,20140332,202008,기타,미취업,,,,,
2021,201424464,20140332,202008,취업자(건보가입자),취업,회사명미상(중소기업),미상,중소기업,회사명미상(중소기업),Y
2021,201424465,20140332,202102,취업자(건보가입자),취업,한국조선해양,울산,대기업,한국조선해양,Y
2021,201424466,20140332,202008,프리랜서[국세청DB연계],취업,,,,,
2021,201424468,20140332,202008,취업자(건보가입자),취업,파두,서울,중소기업,파두,Y
2021,201424469,20140332,202102,취업자(건보가입자),취업,대한상공회의소,서울,비영리단체,대한상공회의소,Y
2021,201424475,20140332,202102,취업자(건보가입자),취업,회사명미상(중소기업),미상,중소기업,회사명미상(중소기업),Y
2021,201424483,20140332,202102,기타,미취업,,,,,
2021,201424489,20140332,202008,취업자(건보가입자),취업,카카오,경기,대기업,카카오,Y
2021,201424499,20140332,202008,취업자(건보가입자),취업,KT,서울,대기업,KT,Y
2021,201424501,20140332,202102,진학자(국내대학원),진학,연세대학교 대학원,,대학원,,
2021,201424502,20140332,202008,취업자(건보가입자),취업,회사명미상(중소기업),미상,중소기업,회사명미상(중소기업),Y
2021,201424503,20140332,202102,기타,미취업,,,,,
2021,201424509,20140332,202102,취업자(건보가입자),취업,당근마켓,서울,중소기업,당근마켓,Y
2021,201424513,20140332,202008,취업자(건보가입자),취업,한국예탁결제원,부산,비영리단체,한국예탁결제원,Y
2021,201424515,20140332,202008,취업자(건보가입자),취업,회사명미상(중소기업),미상,중소기업,회사명미상(중소기업),Y
2021,201424517,20140332,202102,취업자(건보가입자),취업,KT ds,서울,대기업,KT ds,Y
2021,201424521,20140332,202102,기타,미취업,,,,,
2021,201424528,20140332,202102,취업자(건보가입자),취업,한국무역보험공사,서울,공공기관,한국무역보험공사,Y
2021,201424545,20140332,202008,기타,미취업,,,,,
2021,201424547,20140332,202008,취업자(건보가입자),취업,SK쉴더스,경기,대기업,SK쉴더스,Y
2021,201424550,20140332,202102,취업자(건보가입자),취업,벤더스터,부산,중소기업,벤더스터,Y
2021,201424557,20140332,202008,취업자(건보가입자),취업,회사명미상(중소기업),미상,중소기업,회사명미상(중소기업),Y
2021,201424559,20140332,202008,프리랜서[국세청DB연계],취업,,,,,
2021,201424562,20140912,202008,외국인,외국인,,,,,
2021,201424579,20160322,202008,취업자(건보가입자),취업,포스타입,서울,중소기업,포스타입,Y
2021,201524402,20150322,202102,기타,미취업,,,,,
2021,201524416,20150322,202102,진학자(국내대학원),진학,부산대학교 일반대학원,,대학원,,
2021,201524423,20150322,202102,기타,미취업,,,,,
2021,201524432,20150322,202102,취업자(건보가입자),취업,코스콤,,중견기업,코스콤,Y
2021,201524436,20150322,202008,취업자(건보가입자),취업,회사명미상(중소기업),미상,중소기업,회사명미상(중소기업),Y
2021,201524443,20150322,202102,취업자(건보가입자),취업,회사명미상(중소기업),미상,중소기업,회사명미상(중소기업),Y
2021,201524448,20150322,202102,기타,미취업,,,,,
2021,201524455,20150322,202102,기타,미취업,,,,,
2021,201524461,20150322,202102,취업자(건보가입자),취업,회사명미상(중소기업),미상,중소기업,회사명미상(중소기업),Y
2021,201524462,20150322,202102,취업자(건보가입자),취업,현대오토에버,경남,대기업,현대오토에버,Y
2021,201524473,20150322,202102,취업자(건보가입자),취업,램리서치코리아,경기,중소기업,램리서치코리아,Y
2021,201524487,20150322,202102,취업자(건보가입자),취업,한국예탁결제원,부산,비영리단체,한국예탁결제원,Y
2021,201524489,20150322,202102,취업자(건보가입자),취업,현대삼호중공업,경북,대기업,현대삼호중공업,Y
2021,201524515,20150322,202102,취업자(건보가입자),취업,우리웍스,부산,중소기업,우리웍스,Y
2021,201524517,20150322,202102,기타,미취업,,,,,
2021,201524523,20150322,202102,취업자(건보가입자),취업,한국증권금융,서울,대기업,한국증권금융,Y
2021,201524526,20150322,202102,취업자(건보가입자),취업,회사명미상(중소기업),미상,중소기업,회사명미상(중소기업),Y
2021,201524527,20150322,202102,진학자(국내대학원),진학,부산대학교 일반대학원,,대학원,,
2021,201524532,20150322,202008,취업자(건보가입자),취업,토스증권,서울,중소기업,토스증권,Y
2021,201524536,20150322,202102,기타,미취업,,,,,
2021,201524550,20150322,202008,진학자(국내대학원),진학,부산대학교 일반대학원,,대학원,,
2021,201524561,20150322,202102,취업자(건보가입자),취업,SK텔레콤,대전,대기업,SK텔레콤,Y
2021,201524563,20150322,202102,취업자(건보가입자),취업,회사명미상(중소기업),미상,중소기업,회사명미상(중소기업),Y
2021,201524582,20150322,202102,취업자(건보가입자),취업,회사명미상(중소기업),미상,중소기업,회사명미상(중소기업),Y
2021,201524583,20150322,202102,기타,미취업,,,,,
2021,201524585,20150322,202008,기타,미취업,,,,,
2021,201524600,20150322,202102,취업자(건보가입자),취업,센디,부산,중소기업,센디,Y
2021,201524609,20150322,202102,기타,미취업,,,,,
2021,201524615,20150322,202102,취업자(건보가입자),취업,벤더스터,부산,중소기업,벤더스터,Y
2021,201524619,20150322,202102,취업자(건보가입자),취업,롯데정보통신,서울,대기업,롯데정보통신,Y
2021,201524622,20150322,202102,기타,미취업,,,,,
2021,201524644,20170322,202102,취업자(건보가입자),취업,에스지엠,경북,중소기업,에스지엠,Y
2021,201524645,20170322,202008,외국인,외국인,,,,,
2021,201524651,20170322,202008,진학자(국내대학원),진학,부산대학교 일반대학원,,대학원,,
2021,201612148,20160322,202008,기타,미취업,,,,,
2021,201624408,20160322,202102,취업자(건보가입자),취업,아삽(ASAP EXPRESS),서울,중소기업,아삽(ASAP EXPRESS),Y
2021,201624428,20160322,202102,취업자(건보가입자),취업,회사명미상(중소기업),미상,중소기업,회사명미상(중소기업),Y
2021,201624434,20160322,202008,취업자(건보가입자),취업,회사명미상(중소기업),미상,중소기업,회사명미상(중소기업),Y
2021,201624440,20160322,202008,취업자(건보가입자),취업,육군/해군/공군,미상,공공기관,육군/해군/공군,Y
2021,201624449,20160322,202102,취업자(건보가입자),취업,이베이코리아,서울,외국계기업,이베이코리아,Y
2021,201624450,20160322,202102,기타,미취업,,,,,
2021,201624476,20160322,202008,진학자(국내대학원),진학,부산대학교 일반대학원,,대학원,,
2021,201624479,20160322,202102,기타,미취업,,,,,
2021,201624498,20160322,202102,취업자(건보가입자),취업,회사명미상(중소기업),미상,중소기업,회사명미상(중소기업),Y
2021,201624501,20160322,202102,취업자(건보가입자),취업,회사명미상(중소기업),미상,중소기업,회사명미상(중소기업),Y
2021,201624503,20160322,202102,진학자(국내대학원),진학,부산대학교 일반대학원,,대학원,,
2021,201624505,20160322,202102,진학자(국내대학원),진학,부산대학교 일반대학원,,대학원,,
2021,201624510,20160322,202008,취업자(건보가입자),취업,한국무역보험공사,서울,공공기관,한국무역보험공사,Y
2021,201624557,20160322,202102,진학자(국내대학원),진학,울산과학기술원 일반대학원,,대학원,,
2021,201624580,20160322,202008,취업자(건보가입자),취업,한미헬스케어,서울,중견기업,한미헬스케어,Y
2021,201624591,20160322,202102,취업자(건보가입자),취업,261하우스,부산,중소기업,261하우스,Y
2021,201624601,20160322,202102,취업자(건보가입자),취업,회사명미상(중소기업),미상,중소기업,회사명미상(중소기업),Y
2021,201624631,20160912,202102,외국인,외국인,,,,,
2021,201624640,20180322,202102,취업자(건보가입자),취업,라인플러스,경기,대기업,라인플러스,Y
2021,201624642,20180322,202102,취업자(건보가입자),취업,카카오,경기,대기업,카카오,Y
2021,201624643,20180322,202102,취업자(건보가입자),취업,네이버,경기,대기업,네이버,Y
2021,201645801,20160322,202102,기타,미취업,,,,,
2021,201724428,20170322,202102,취업자(건보가입자),취업,일렉트로닉아츠(EA),서울,외국계기업,일렉트로닉아츠(EA),Y
2021,201724447,20170322,202102,취업자(건보가입자),취업,네이버,경기,대기업,네이버,Y
2021,201724480,20170322,202102,기타,미취업,,,,,
2021,201724535,20170322,202102,기타,미취업,,,,,
2021,201724545,20170322,202102,기타,미취업,,,,,
2021,201724557,20170322,202102,취업자(건보가입자),취업,LG씨엔에스,서울,대기업,LG씨엔에스,Y
2021,201724573,20170322,202102,외국인,외국인,,,,,
2021,201724585,20170322,202102,기타,미취업,,,,,
2021,201724592,20170322,202102,기타,미취업,,,,,
2021,201724628,20170322,202102,외국인,외국인,,,,,
2021,201745817,20170322,202008,진학자(국내대학원),진학,부산대학교 일반대학원,,대학원,,
2022,201124482,20110322,202108,기타,미취업,,,,,
2022,201124534,20110322,202108,취업자(건보가입자),취업,오토엠에스,울산,중소기업,오토엠에스,Y
2022,201324551,20130342,202108,취업자(건보가입자),취업,한국특허정보원,대전,공공기관,한국특허정보원,Y
2022,201424419,20140332,202108,기타,미취업,,,,,
2022,201424422,20140332,202108,기타,미취업,,,,,
2022,201424430,20140332,202108,취업자(건보가입자),취업,회사명미상(중소기업),미상,중소기업,회사명미상(중소기업),Y
2022,201424437,20140332,202108,취업자(건보가입자),취업,넷마블(주),서울,대기업,넷마블(주),Y
2022,201424446,20140332,202108,취업자(건보가입자),취업,교보디티에스,서울,중견기업,교보디티에스,Y
2022,201424462,20140332,202108,기타,미취업,,,,,
2022,201424492,20140332,202108,기타,미취업,,,,,
2022,201524404,20150322,202108,기타,미취업,,,,,
2022,201524444,20150322,202108,기타,미취업,,,,,
2022,201524499,20150322,202108,기타,미취업,회사명미상(중소기업),미상,중소기업,회사명미상(중소기업),Y
2022,201524501,20150322,202108,취업자(건보가입자),취업,주택도시보증공사,부산,공공기관,주택도시보증공사,Y
2022,201524518,20150322,202108,취업자(건보가입자),취업,카카오,경기,대기업,카카오,Y
2022,201524530,20150322,202108,취업자(건보가입자),취업,육군/해군/공군,대구,공공기관,육군/해군/공군,Y
2022,201524537,20150322,202108,취업자(건보가입자),취업,회사명미상(중소기업),미상,중소기업,회사명미상(중소기업),Y
2022,201524560,20150322,202108,취업자(건보가입자),취업,(주)핸드허그,서울,중소기업,(주)핸드허그,Y
2022,201524562,20150322,202108,취업자(건보가입자),취업,회사명미상(중소기업),미상,중소기업,회사명미상(중소기업),Y
2022,201524565,20150322,202108,취업자(건보가입자),취업,나눔기술,부산,중소기업,나눔기술,Y
2022,201624405,20160322,202108,취업자(건보가입자),취업,회사명미상(중소기업),미상,중소기업,회사명미상(중소기업),Y
2022,201624455,20160322,202108,취업자(건보가입자),취업,부산도시공사,부산,공공기관,부산도시공사,Y
2022,201624539,20160322,202108,기타,미취업,,,,,
2022,201624561,20160322,202108,취업자(건보가입자),취업,라인플러스,경기,대기업,라인플러스,Y
2022,201724550,20170322,202108,취업자(건보가입자),취업,두산디지털이노베이션,경기,대기업,두산디지털이노베이션,Y
2022,201724626,20170322,202108,외국인,외국인,,,,,Y
2022,201724631,20170912,202108,외국인,외국인,,,,,
2022,201724633,20170912,202108,외국인,외국인,,,,,
2022,201729127,20170322,202108,취업자(건보가입자),취업,우리은행,서울,대기업,우리은행,Y
2022,201124433,20110322,202202,취업자(건보가입자),취업,(주)비바리퍼블리카(토스),서울,중소기업,(주)비바리퍼블리카(토스),Y
2022,201124495,20110322,202202,취업자(건보가입자),취업,회사명미상(중소기업),미상,중소기업,회사명미상(중소기업),Y
2022,201124543,20160912,202202,기타,미취업,,,,,
2022,201324454,20130342,202202,취업자(건보가입자),취업,십일번가(주),서울,대기업,십일번가(주),Y
2022,201324462,20130342,202202,취업자(건보가입자),취업,회사명미상(중소기업),미상,중소기업,회사명미상(중소기업),Y
2022,201424407,20140332,202202,취업자(건보가입자),취업,한국예탁결제원,부산,비영리법인,한국예탁결제원,Y
2022,201424431,20140332,202202,기타,미취업,,,,,
2022,201424487,20140332,202202,기타,미취업,,,,,
2022,201424524,20140332,202202,취업자(건보가입자),취업,(주)티맥스소프트,경기,중견기업,(주)티맥스소프트,Y
2022,201424529,20140332,202202,기타,미취업,,,,,
2022,201424534,20140332,202202,제외인정자(의료급여수급자),미취업,,,,,
2022,201424542,20140332,202202,기타,미취업,,,,,
2022,201424553,20140332,202202,기타,미취업,,,,,
2022,201510704,20150322,202202,기타,미취업,,,,,
2022,201524412,20150322,202202,취업자(건보가입자),취업,회사명미상(중소기업),미상,중소기업,회사명미상(중소기업),Y
2022,201524414,20150322,202202,취업자(건보가입자),취업,롯데정보통신,서울,대기업,롯데정보통신,Y
2022,201524417,20150322,202202,취업자(건보가입자),취업,(주)비멕스,부산,중소기업,(주)비멕스,Y
2022,201524419,20150322,202202,기타,미취업,,,,,
2022,201524421,20150322,202202,취업자(건보가입자),취업,넥슨코리아,경기,대기업,넥슨코리아,Y
2022,201524426,20150322,202202,기타,미취업,,,,,
2022,201524433,20150322,202202,제외인정자(의료급여수급자),미취업,,,,,
2022,201524449,20150322,202202,취업자(건보가입자),취업,금융감독원,서울,비영리법인,금융감독원,Y
2022,201524469,20150322,202202,기타,미취업,,,,,
2022,201524479,20150322,202202,취업자(건보가입자),취업,회사명미상(중소기업),미상,중소기업,회사명미상(중소기업),Y
2022,201524481,20150322,202202,기타,미취업,,,,,
2022,201524486,20150322,202202,취업자(건보가입자),취업,엔씨소프트,경기,중견기업,엔씨소프트,Y
2022,201524495,20150322,202202,취업자(건보가입자),취업,한국조선해양,울산,대기업,한국조선해양,Y
2022,201524497,20150322,202202,기타,미취업,,,,,
2022,201524507,20150322,202202,취업자(건보가입자),취업,(주)초코뮤직,부산,중소기업,(주)초코뮤직,Y
2022,201524516,20150322,202202,기타,미취업,,,,,
2022,201524525,20150322,202202,기타,미취업,,,,,
2022,201524547,20150322,202202,취업자(건보가입자),취업,카카오,경기,대기업,카카오,Y
2022,201524554,20150322,202202,취업자(건보가입자),취업,회사명미상(중소기업),미상,중소기업,회사명미상(중소기업),Y
2022,201524566,20150322,202202,기타,미취업,,,,,
2022,201524568,20150322,202202,취업자(건보가입자),취업,한전KDN,전남,공공기관,한전KDN,Y
2022,201524576,20150322,202202,취업자(건보가입자),취업,회사명미상(중소기업),미상,중소기업,회사명미상(중소기업),Y
2022,201524599,20150322,202202,취업자(건보가입자),취업,엔아이티서비스(주),경기,대기업,엔아이티서비스(주),Y
2022,201524604,20150322,202202,취업자(건보가입자),취업,네이버,경기,대기업,네이버,Y
2022,201624410,20160322,202202,기타,미취업,,,,,
2022,201624413,20160322,202202,기타,미취업,,,,,
2022,201624416,20160322,202202,취업자(건보가입자),취업,현대모비스,경기,대기업,현대모비스,Y
2022,201624429,20160322,202202,취업자(건보가입자),취업,(주)티맥스커머스,경기,중소기업,(주)티맥스커머스,Y
2022,201624430,20160322,202202,취업자(건보가입자),취업,버블클라우드,부산,중소기업,버블클라우드,Y
2022,201624462,20160322,202202,취업자(건보가입자),취업,현대모비스,경기,대기업,현대모비스,Y
2022,201624464,20160322,202202,기타,미취업,,,,,
2022,201624473,20160322,202202,기타,미취업,,,,,
2022,201624474,20160322,202202,취업자(건보가입자),취업,(주)넥스클라우드,서울,중소기업,(주)넥스클라우드,Y
2022,201624477,20160322,202202,취업자(건보가입자),취업,LG씨엔에스,경기,대기업,LG씨엔에스,Y
2022,201624500,20160322,202202,기타,미취업,부산대학교,부산,학교,부산대학교,
2022,201624507,20160322,202202,취업자(건보가입자),취업,LG씨엔에스,서울,대기업,LG씨엔에스,Y
2022,201624513,20160322,202202,취업자(건보가입자),취업,볼보그룹코리아,경남,외국계기업,볼보그룹코리아,Y
2022,201624514,20160322,202202,취업자(건보가입자),취업,(주)크래프톤(KRAFTON),서울,중견기업,(주)크래프톤(KRAFTON),Y
2022,201624516,20160322,202202,취업자(건보가입자),취업,(주)히츠,서울,중소기업,(주)히츠,Y
2022,201624522,20160322,202202,기타,미취업,,,,,
2022,201624525,20160322,202202,취업자(건보가입자),취업,현대오토에버,서울,대기업,현대오토에버,Y
2022,201624528,20160322,202202,취업자(건보가입자),취업,안랩,경기,중견기업,안랩,Y
2022,201624542,20160322,202202,기타,미취업,,,,,
2022,201624549,20160322,202202,취업자(건보가입자),취업,디에스엠이정보시스템(주),경남,대기업,디에스엠이정보시스템(주),Y
2022,201624573,20160322,202202,기타,미취업,,,,,
2022,201624577,20160322,202202,취업자(건보가입자),취업,현대모비스,경기,대기업,현대모비스,Y
2022,201624606,20160322,202202,기타,미취업,,,,,
2022,201624618,20160322,202202,취업자(건보가입자),취업,회사명미상(중소기업),미상,중소기업,회사명미상(중소기업),Y
2022,201624619,20160322,202202,기타,미취업,,,학교,,
2022,201624630,20160912,202202,외국인,외국인,,,,,
2022,201722102,20170322,202202,기타,미취업,,,,,
2022,201724407,20170322,202202,취업자(건보가입자),취업,현대모비스,경기,대기업,현대모비스,Y
2022,201724444,20170322,202202,취업자(건보가입자),취업,LIG넥스원,경기,중견기업,LIG넥스원,
2022,201724467,20170322,202202,기타,미취업,,,,,
2022,201724479,20170322,202202,취업자(건보가입자),취업,회사명미상(중소기업),미상,중소기업,회사명미상(중소기업),Y
2022,201724515,20170322,202202,취업자(건보가입자),취업,삼성전자,경기,대기업,삼성전자,Y
2022,201724534,20170322,202202,기타,미취업,,,,,
2022,201724537,20170322,202202,기타,미취업,,,,,
2022,201724556,20170322,202202,외국인,외국인,,,,,
2022,201724577,20170322,202202,기타,미취업,,,,,
2022,201724614,20170322,202202,취업자(건보가입자),취업,삼성전자,경기,대기업,삼성전자,Y
2022,201724624,20170322,202202,기타,미취업,,,,,
2022,201724627,20170322,202202,외국인,외국인,,,,,
2022,201724648,20190342,202202,기타,미취업,,,,,
2022,201724650,20190342,202202,취업자(건보가입자),취업,하나,경기,중소기업,하나,Y
2022,201724654,20190342,202202,취업자(건보가입자),취업,회사명미상(중소기업),미상,중소기업,회사명미상(중소기업),Y
2022,201724656,20190342,202202,취업자(건보가입자),취업,(주)알티미디어,서울,대기업,(주)알티미디어,Y
2022,201724657,20190342,202202,취업자(건보가입자),취업,(주)테크로스,부산,중소기업,(주)테크로스,Y
2022,201824412,20180322,202202,기타,미취업,,,,,
2022,201824421,20180322,202202,기타,미취업,,,,,
2022,201824429,20180322,202202,기타,미취업,,,,,
2022,201824461,20180322,202202,기타,미취업,,,,,
2022,201824481,20180322,202202,기타,미취업,,,,,
2022,201824509,20180322,202202,취업자(건보가입자),취업,네이버클라우드,경기,대기업,네이버클라우드,Y
2022,201824516,20180322,202202,취업자(건보가입자),취업,ROTC,미상,공공기관,ROTC,
2022,201824518,20180322,202202,취업자(건보가입자),취업,한전KDN,부산,공공기관,한전KDN,Y
2022,201824566,20180322,202202,취업자(건보가입자),취업,롯데정보통신,서울,대기업,롯데정보통신,Y
2022,201824588,20180322,202202,취업자(건보가입자),취업,인천국제공항공사,인천,공공기관,인천국제공항공사,Y
2022,201824589,20180322,202202,취업자(건보가입자),취업,부산은행,부산,대기업,부산은행,Y
2022,201824609,20180322,202202,취업자(건보가입자),취업,부산교통공사,부산,공공기관,부산교통공사,Y
2022,201824632,20200322,202202,기타,미취업,,,,,
2022,201824638,20200322,202202,취업자(건보가입자),취업,아모레퍼시픽,서울,중견기업,아모레퍼시픽,Y
2022,201424443,20140332,202108,취업자(프리랜서),취업,,,취업자(프리랜서),,
2022,201424454,20140332,202108,진학자(국내대학원),진학,서울대학교 대학원,,대학원,,
2022,201424495,20140332,202108,진학자(국내대학원),진학,부산대학교 일반대학원,,대학원,,
2022,201524464,20150322,202108,진학자(국내대학원),진학,부산대학교 일반대학원,,대학원,,
2022,201624632,20160912,202108,외국인,외국인,,,,,
2022,201724532,20170322,202108,진학자(국내대학원),진학,부산대학교 일반대학원,,대학원,,
2022,201724658,20190342,202108,진학자(국내대학원),진학,부산대학교 일반대학원,,대학원,,
2022,201824602,20180322,202108,진학자(국내대학원),진학,부산대학교 일반대학원,,대학원,,
2022,201424458,20140332,202202,진학자(국내대학원),진학,부산대학교 일반대학원,,대학원,,
2022,201524437,20150322,202202,진학자(국내대학원),진학,부산대학교 일반대학원,,대학원,,
2022,201524456,20150322,202202,진학자(국내대학원),진학,부산대학교 일반대학원,,대학원,,
2022,201624422,20160322,202202,진학자(국내대학원),진학,부산대학교 일반대학원,,대학원,,
2022,201624448,20160322,202202,진학자(국내대학원),진학,부산대학교 일반대학원,,대학원,,
2022,201624508,20160322,202202,진학자(국내대학원),진학,부산대학교 일반대학원,,대학원,,
2022,201624515,20160322,202202,진학자(국내대학원),진학,부산대학교 일반대학원,,대학원,,
2022,201624574,20160322,202202,진학자(국내대학원),진학,부산대학교 일반대학원,,대학원,,
2022,201624615,20160322,202202,진학자(국내대학원),진학,부산대학교 일반대학원,,대학원,,
2022,201624623,20160322,202202,진학자(국내대학원),진학,부산대학교 일반대학원,,대학원,,
2022,201624627,20160912,202202,외국인,외국인,,,,,
2022,201624645,20180322,202202,취업자(1인창(사)업자),취업,,,취업자(1인창(사)업자),,
2022,201624648,20180912,202202,외국인,외국인,,,,,
2022,201724493,20170322,202202,진학자(국내대학원),진학,한국과학기술원 일반대학원,,대학원,,
2022,201724496,20170322,202202,진학자(국내대학원),진학,부산대학교 일반대학원,,대학원,,
2022,201724653,20190342,202202,취업자(프리랜서),취업,,,취업자(프리랜서),,
2022,201725104,20170322,202202,진학자(국내대학원),진학,부산대학교 일반대학원,,대학원,,
2022,201824477,20180322,202202,진학자(국내대학원),진학,부산대학교 일반대학원,,대학원,,
2022,201824571,20180322,202202,진학자(국내대학원),진학,부산대학교 일반대학원,,대학원,,
2023,201224473,20120302,202302,취업자(건보가입자_교외),취업,회사명미상,부산,회사명미상,회사명미상,Y
2023,201324524,20130304,202208,취업자(건보가입자_교외),취업,당근마켓,서울,중소기업,당근마켓,Y
2023,201424265,20140303,202208,기타,미취업,,,,,
2023,201424491,20140303,202208,기타,미취업,,,,,
2023,201424505,20140303,202208,취업자(건보가입자_교외),취업,이수시스템,서울,중소기업,이수시스템,Y
2023,201424560,20140303,202208,기타,미취업,,,,,
2023,201524427,20150302,202302,기타,미취업,,,,,
2023,201524434,20150302,202208,취업자(건보가입자_교외),취업,,,회사명미상,,
2023,201524450,20150302,202208,기타,미취업,,,,,
2023,201524513,20150302,202208,기타,미취업,,,,,
2023,201524519,20150302,202302,취업자(건보가입자_교외),취업,한국도로공사,경북,공공기관,한국도로공사,Y
2023,201524543,20150302,202208,기타,미취업,,,,,
2023,201524578,20150302,202302,취업자(건보가입자_교외),취업,넥슨코리아,경기,대기업,넥슨코리아,Y
2023,201524589,20150302,202302,기타,미취업,,,,,
2023,201524602,20150302,202302,취업자(건보가입자_교외),취업,(주)핸드허그,서울,중소기업,(주)핸드허그,Y
2023,201622133,20160302,202208,기타,미취업,,,,,
2023,201624406,20160302,202302,기타,미취업,,,,,
2023,201624407,20160302,202208,기타,미취업,,,,,
2023,201624414,20160302,202302,취업자(건보가입자_교외),취업,,,회사명미상,,
2023,201624419,20160302,202208,취업자(건보가입자_교외),취업,,,회사명미상,,
2023,201624444,20160302,202302,기타,미취업,,,,,
2023,201624452,20160302,202302,기타,미취업,,,,,
2023,201624453,20160302,202302,취업자(건보가입자_교외),취업,한국특허정보원,대전,공공기관,한국특허정보원,Y
2023,201624458,20160302,202302,취업자(건보가입자_교외),취업,부산시동구청,부산,공공기관,부산시동구청,
2023,201624460,20160302,202208,취업자(건보가입자_교외),취업,,,회사명미상,,
2023,201624461,20160302,202208,취업자(건보가입자_교외),취업,,,회사명미상,,
2023,201624475,20160302,202208,기타,미취업,,,,,
2023,201624506,20160302,202208,취업자(건보가입자_교외),취업,펄어비스,경기,중소기업,펄어비스,Y
2023,201624526,20160302,202302,기타,미취업,,,,,
2023,201624527,20160302,202302,취업자(건보가입자_교외),취업,,,회사명미상,,
2023,201624530,20160302,202302,기타,미취업,,,,,
2023,201624535,20160302,202208,기타,미취업,,,,,
2023,201624536,20160302,202208,취업자(건보가입자_교외),취업,삼성SDS,서울,대기업,삼성SDS,Y
2023,201624540,20160302,202302,기타,미취업,,,,,
2023,201624544,20170302,202302,기타,미취업,,,,,
2023,201624550,20160302,202208,기타,미취업,,,,,
2023,201624569,20160302,202208,기타,미취업,,,,,
2023,201624576,20160302,202302,기타,미취업,,,,,
2023,201624583,20160302,202302,기타,미취업,,,,,
2023,201624585,20160302,202302,취업자(건보가입자_교외),취업,빅텍,인천,중소기업,빅텍,Y
2023,201624586,20160302,202302,취업자(건보가입자_교외),취업,LG씨엔에스,서울,대기업,LG씨엔에스,Y
2023,201624595,20160302,202302,기타,미취업,,,,,
2023,201624607,20160302,202208,취업자(건보가입자_교외),취업,아시아나아이디티,서울,대기업,아시아나아이디티,Y
2023,201624620,20160302,202208,취업자(건보가입자_교외),취업,SK C&C,대전,대기업,SK C&C,Y
2023,201624644,20180302,202208,취업자(1인창(사)업자),취업,,,,,
2023,201645615,20160302,202208,취업자(건보가입자_교외),취업,SK C&C,경기,대기업,SK C&C,Y
2023,201645825,20160302,202208,취업자(건보가입자_교외),취업,넥슨코리아,경기,대기업,넥슨코리아,Y
2023,201661701,20160302,202208,기타,미취업,,,,,
2023,201712159,20170302,202302,취업자(건보가입자_교외),취업,넥슨,경기,대기업,넥슨,Y
2023,201714537,20170302,202302,기타,미취업,,,,,
2023,201724404,20170302,202302,취업자(건보가입자_교외),취업,LG전자,경남,대기업,LG전자,Y
2023,201724413,20170302,202302,취업자(건보가입자_교외),취업,주택도시보증공사,부산,공공기관,주택도시보증공사,Y
2023,201724436,20170302,202302,취업자(건보가입자_교외),취업,다우기술,경기,중소기업,다우기술,Y
2023,201724437,20170302,202302,취업자(건보가입자_교외),취업,LG전자,서울,대기업,LG전자,Y
2023,201724441,20170302,202302,기타,미취업,,,,,
2023,201724442,20170302,202302,기타,미취업,,,,,
2023,201724443,20170302,202302,취업자(건보가입자_교외),취업,아프리카티비,경기,중소기업,아프리카티비,Y
2023,201724446,20170302,202208,취업자(건보가입자_교외),취업,대한항공,경기,대기업,대한항공,Y
2023,201724468,20170302,202208,기타,미취업,,,,,
2023,201724472,20170302,202208,취업자(건보가입자_교외),취업,SK텔레콤,서울,대기업,SK텔레콤,Y
2023,201724483,20170302,202302,취업자(건보가입자_교외),취업,㈜스마일게이트엔터테인먼트,경기,중소기업,㈜스마일게이트엔터테인먼트,Y
2023,201724497,20170302,202302,취업자(건보가입자_교외),취업,센디,부산,중소기업,센디,Y
2023,201724499,20170302,202302,취업자(건보가입자_교외),취업,LG전자,서울,대기업,LG전자,Y
2023,201724505,20170302,202302,취업자(건보가입자_교외),취업,웹케시,부산,중소기업,웹케시,Y
2023,201724526,20170302,202302,취업자(건보가입자_교외),취업,나눔기술,부산,중소기업,나눔기술,Y
2023,201724528,20170302,202302,기타,미취업,,,,,
2023,201724533,20170302,202302,취업자(건보가입자_교외),취업,한국예탁결제원,서울,비영리법인,한국예탁결제원,Y
2023,201724539,20170302,202302,취업자(건보가입자_교외),취업,LG전자,서울,대기업,LG전자,Y
2023,201724542,20170302,202302,취업자(건보가입자_교외),취업,SK텔레콤,서울,대기업,SK텔레콤,Y
2023,201724554,20170302,202302,취업자(건보가입자_교외),취업,한화시스템,서울,대기업,한화시스템,Y
2023,201724566,20170302,202302,취업자(건보가입자_교외),취업,신한은행,서울,대기업,신한은행,Y
2023,201724568,20170302,202302,기타,미취업,,,,,
2023,201724575,20170302,202302,기타,미취업,,,,,
2023,201724589,20170302,202302,취업자(건보가입자_교외),취업,한화시스템,경기,대기업,한화시스템,Y
2023,201724595,20170302,202302,기타,미취업,,,,,
2023,201724603,20170302,202302,기타,미취업,,,,,
2023,201724605,20170302,202302,기타,미취업,,,,,
2023,201724617,20170302,202302,취업자(건보가입자_교외),취업,부산은행,부산,대기업,부산은행,Y
2023,201724622,20170302,202302,기타,미취업,,,,,
2023,201724623,20170302,202302,기타,미취업,,,,,
2023,201724649,20190304,202302,기타,미취업,,,,,
2023,201724651,20190304,202208,취업자(건보가입자_교외),취업,,,회사명미상,,
2023,201724655,20190304,202302,기타,미취업,,,,,
2023,201724659,20190902,202208,외국인,외국인,,,,,
2023,201745824,20170302,202302,취업자(건보가입자_교외),취업,신한은행,서울,대기업,신한은행,Y
2023,201824403,20180302,202208,취업자(1인창(사)업자),취업,,,,,
2023,201824444,20180302,202208,취업자(건보가입자_교외),취업,IBK기업은행(중소기업은행),,공공기관,IBK기업은행(중소기업은행),Y
2023,201824450,20180302,202208,기타,미취업,,,,,
2023,201824459,20180302,202302,기타,미취업,,,,,
2023,201824465,20180302,202208,취업자(건보가입자_교외),취업,센디,부산,중소기업,센디,Y
2023,201824471,20180302,202302,기타,미취업,,,,,
2023,201824484,20180302,202302,취업자(건보가입자_교외),취업,오비맥주,서울,대기업,오비맥주,Y
2023,201824488,20180302,202208,취업자(건보가입자_교외),취업,IBK기업은행(중소기업은행),,공공기관,IBK기업은행(중소기업은행),Y
2023,201824490,20180302,202302,취업자(건보가입자_교외),취업,LG전자,서울,대기업,LG전자,Y
2023,201824522,20180302,202302,취업자(건보가입자_교외),취업,CJ대한통운,서울,대기업,CJ대한통운,Y
2023,201824526,20180302,202208,취업자(건보가입자_교외),취업,,,회사명미상,,
2023,201824533,20180302,202302,기타,미취업,,,,,
2023,201824574,20180302,202302,기타,미취업,,,,,
2023,201824584,20180302,202302,취업자(건보가입자_교외),취업,부산도시공사,부산,공공기관,부산도시공사,Y
2023,201824622,20180901,202208,외국인,외국인,,,,,
2023,201824623,20180901,202302,외국인,외국인,,,,,
2023,201824641,20200302,202302,기타,미취업,,,,,
2023,201845802,20180302,202208,취업자(건보가입자_교외),취업,넥슨코리아,경기,대기업,넥슨코리아,Y
2023,201924401,20190304,202302,취업자(건보가입자_교외),취업,ROTC,미상,공공기관,ROTC,
2023,201924408,20190304,202302,기타,미취업,,,,,
2023,201924445,20190304,202302,취업자(건보가입자_교외),취업,LG에릭슨,서울,대기업,LG에릭슨,Y
2023,201924481,20190304,202302,취업자(건보가입자_교외),취업,LG씨엔에스,서울,대기업,LG씨엔에스,Y
2023,201924490,20190304,202302,취업자(건보가입자_교외),취업,육군/해군/공군,미상,공공기관,육군/해군/공군,
2023,201924500,20190304,202302,취업자(건보가입자_교외),취업,HD한국조선해양(주),경기,대기업,HD한국조선해양(주),Y
2023,201924553,20190304,202302,기타,미취업,,,,,
2023,201924572,20190304,202302,기타,미취업,,,,,
2023,201924594,20190304,202302,취업자(건보가입자_교외),취업,네이버,경기,대기업,네이버,Y
2023,201924660,20210301,202302,취업자(건보가입자_교외),취업,육군/해군/공군,경기,공공기관,육군/해군/공군,Y
2023,201924661,20210301,202302,기타,미취업,,,,,
2023,201952108,20190304,202302,기타,미취업,,,,,
2023,201324499,20130304,202208,취업자(건보가입자_교외),취업,,서울,직접입력,라스컴 시큐리티,Y
2023,201424544,20140303,202208,취업자(건보가입자_교외),취업,,경기,직접입력,루미플로(주),Y
2023,201524577,20150302,202208,취업자(건보가입자_교외),취업,,서울,직접입력,퍼플아카데미,Y
2023,201724423,20170302,202208,진학자(국내대학원),진학,부산대학교 일반대학원,,대학원,,
2023,201824562,20180302,202208,취업자(건보가입자_교외),취업,,서울,직접입력,현대IT&E,Y
2023,201824642,20200901,202208,외국인,외국인,,,,,
2023,201524463,20150302,202302,취업자(건보가입자_교외),취업,,서울,직접입력,(주)리플럭스,Y
2023,201524498,20150302,202302,진학자(국내대학원),진학,부산대학교 일반대학원,,대학원,,
2023,201724401,20170302,202302,진학자(국내대학원),진학,부산대학교 일반대학원,,대학원,,
2023,201724422,20170302,202302,진학자(국내대학원),진학,부산대학교 일반대학원,,대학원,,
2023,201724435,20170302,202302,진학자(국내대학원),진학,부산대학교 일반대학원,,대학원,,
2023,201724438,20170302,202302,진학자(국내대학원),진학,대구경북과학기술원 일반대학원,,대학원,,
2023,201724513,20170302,202302,진학자(국내대학원),진학,부산대학교 일반대학원,,대학원,,
2023,201724598,20170302,202302,취업자(건보가입자_교외),취업,,울산,직접입력,화이트랩,Y
2023,201724611,20170302,202302,진학자(국내대학원),진학,부산대학교 일반대학원,,대학원,,
2023,201924549,20190304,202302,진학자(국내대학원),진학,부산대학교 일반대학원,,대학원,,
2023,201924556,20190304,202302,진학자(국내대학원),진학,부산대학교 일반대학원,,대학원,,
2024,201324413,20130304,20230825,미상,미취업,,,,,
2024,201424506,20140303,20230825,취업자(건보가입자_교외),취업,,부산,직접입력,눈꽃을나누다,
2024,201524409,20150302,20230825,취업자(건보가입자_교외),취업,도로교통공단,경북,공공기관,도로교통공단,
2024,201524410,20150302,20240223,취업자(건보가입자_교외),취업,에스엔지,서울,중소기업,에스엔지,Y
2024,201524575,20150302,20240223,미상,미취업,,,,,
2024,201610323,20160302,20240223,미상,미취업,,,,,
2024,201624431,20160302,20240223,취업자(건보가입자_교외),취업,시너스,부산,중소기업,시너스,Y
2024,201624447,20160302,20230825,미상,미취업,,,,,
2024,201624456,20160302,20230825,취업자(건보가입자_교외),취업,회사명미상,,회사명미상,회사명미상,
2024,201624459,20160302,20240223,취업자(건보가입자_교외),취업,부산은행,부산,대기업,부산은행,Y
2024,201624472,20160302,20230825,미상,미취업,,,,,
2024,201624481,20160302,20230825,취업자(건보가입자_교외),취업,,대전,직접입력,(주)넷커스터마이즈,Y
2024,201624495,20160302,20230825,미상,미취업,,,,,
2024,201624521,20160302,20230825,미상,미취업,,,,,
2024,201624529,20160302,20230825,취업자(건보가입자_교외),취업,,대전,직접입력,(주)넷커스터마이즈,Y
2024,201624548,20160302,20230825,진학자(국내대학원),진학,성균관대학교 글로벌창업대학원,,,,
2024,201624560,20160302,20240223,미상,미취업,,,,,
2024,201624563,20160302,20230825,취업자(건보가입자_교내),취업,부산대학교,부산,학교,부산대학교,
2024,201624567,20160302,20240223,취업자(건보가입자_교외),취업,방위사업청,경기,공공기관,방위사업청,Y
2024,201624589,20160302,20230825,취업자(건보가입자_교외),취업,네이버(주),서울,대기업,네이버(주),Y
2024,201645819,20160302,20240223,미상,미취업,,,,,
2024,201710707,20170302,20240223,미상,미취업,,,,,
2024,201724409,20170302,20240223,취업자(건보가입자_교외),취업,(주)카카오,경기,대기업,(주)카카오,Y
2024,201724412,20170302,20240223,미상,미취업,,,,,
2024,201724414,20170302,20230825,미상,미취업,,,,,
2024,201724416,20170302,20240223,취업자(건보가입자_교외),취업,회사명미상,경기,회사명미상,회사명미상,Y
2024,201724418,20170302,20240223,취업자(건보가입자_교외),취업,,서울,직접입력,알트소프트(주),Y
2024,201724420,20170302,20240223,취업자(건보가입자_교외),취업,한국산업은행,서울,공공기관,한국산업은행,Y
2024,201724425,20170302,20240223,미상,미취업,,,,,
2024,201724426,20170302,20240223,취업자(건보가입자_교외),취업,회사명미상,미상,회사명미상,회사명미상,
2024,201724427,20170302,20230825,취업자(건보가입자_교외),취업,주택도시보증공사,부산,공공기관,주택도시보증공사,Y
2024,201724432,20170302,20230825,미상,미취업,,,,,
2024,201724433,20170302,20230825,미상,미취업,,,,,
2024,201724454,20170302,20240223,취업자(건보가입자_교외),취업,회사명미상,미상,회사명미상,회사명미상,
2024,201724461,20170302,20230825,취업자(건보가입자_교외),취업,,서울,직접입력,(주)라쿠텐심포니코리아,Y
2024,201724465,20170302,20230825,취업자(건보가입자_교외),취업,KB국민은행,서울,대기업,KB국민은행,Y
2024,201724474,20170302,20230825,취업자(건보가입자_교외),취업,,대전,직접입력,(주)엑소스피어랩스,Y
2024,201724475,20170302,20230825,진학자(국내대학원),진학,부산대학교 일반대학원,,,,
2024,201724481,20170302,20240223,진학자(국내대학원),진학,부산대학교 일반대학원,,,,
2024,201724488,20170302,20230825,취업자(건보가입자_교외),취업,,서울,직접입력,(주)싸이버로지텍,Y
2024,201724489,20170302,20240223,진학자(국내대학원),진학,부산대학교 일반대학원,,,,
2024,201724490,20170302,20230825,취업자(건보가입자_교외),취업,(사)금융결제원,경기,비영리법인,(사)금융결제원,Y
2024,201724492,20170302,20240223,미상,미취업,,,,,
2024,201724500,20170302,20240223,취업자(건보가입자_교외),취업,(사)금융결제원,경기,비영리법인,(사)금융결제원,Y
2024,201724508,20170302,20240223,미상,미취업,,,,,
2024,201724509,20170302,20240223,미상,미취업,,,,,
2024,201724512,20170302,20230825,취업자(건보가입자_교외),취업,기아(주),서울,대기업,기아(주),Y
2024,201724514,20170302,20240223,진학자(국내대학원),진학,부산대학교 일반대학원,,,,
2024,201724516,20170302,20240223,미상,미취업,,,,,
2024,201724543,20170302,20240223,미상,미취업,,,,,
2024,201724561,20170302,20240223,미상,미취업,,,,,
2024,201724565,20170302,20240223,취업자(건보가입자_교외),취업,,서울,직접입력,(주)트라이포드랩,Y
2024,201724574,20170302,20240223,미상,미취업,,,,,
2024,201724588,20170302,20240223,미상,미취업,,,,,
2024,201724599,20170302,20230825,취업자(건보가입자_교외),취업,NH농협,경기,대기업,NH농협,Y
2024,201724613,20170302,20240223,외국인,외국인,,,,,
2024,201724621,20170302,20230825,미상,미취업,,,,,
2024,201724625,20170302,20240223,미상,미취업,,,,,
2024,201741161,20170302,20230825,미상,미취업,,,,,
2024,201745727,20170302,20240223,미상,미취업,,,,,
2024,201824424,20180302,20240223,취업자(건보가입자_교외),취업,NH투자증권(엔에이치투자증권),서울,대기업,NH투자증권(엔에이치투자증권),Y
2024,201824435,20180302,20240223,미상,미취업,,,,,
2024,201824442,20180302,20240223,미상,미취업,,,,,
2024,201824446,20180302,20240223,취업자(건보가입자_교외),취업,하나금융티아이,인천,대기업,하나금융티아이,Y
2024,201824447,20180302,20240223,진학자(국내대학원),진학,부산대학교 일반대학원,,,,
2024,201824448,20180302,20240223,미상,미취업,,,,,
2024,201824451,20180302,20240223,진학자(국내대학원),진학,부산대학교 일반대학원,,,,
2024,201824452,20180302,20230825,취업자(건보가입자_교외),취업,회사명미상,미상,회사명미상,회사명미상,
2024,201824455,20180302,20240223,미상,미취업,,,,,
2024,201824469,20180302,20240223,진학자(국내대학원),진학,부산대학교 일반대학원,,,,
2024,201824472,20180302,20240223,취업자(건보가입자_교외),취업,,부산,직접입력,태광후지킨(주),Y
2024,201824476,20180302,20240223,미상,미취업,,,,,
2024,201824483,20180302,20240223,미상,미취업,,,,,
2024,201824487,20180302,20240223,진학자(국내대학원),진학,부산대학교 일반대학원,,,,
2024,201824493,20180302,20240223,취업자(건보가입자_교외),취업,,서울,직접입력,원더무브(주),Y
2024,201824508,20180302,20230825,미상,미취업,,,,,
2024,201824511,20180302,20240223,취업자(건보가입자_교외),취업,LG전자(주),경남,대기업,LG전자(주),Y
2024,201824520,20180302,20240223,취업자(건보가입자_교외),취업,,경북,직접입력,경상북도교육청,Y
2024,201824532,20180302,20240223,진학자(국내대학원),진학,부산대학교 일반대학원,,,,
2024,201824540,20180302,20240223,진학자(국내대학원),진학,부산대학교 일반대학원,,,,
2024,201824547,20180302,20240223,미상,미취업,,,,,
2024,201824554,20180302,20240223,미상,미취업,,,,,
2024,201824557,20180302,20240223,취업자(건보가입자_교외),취업,(주)엔씨소프트,경기,중견기업,(주)엔씨소프트,Y
2024,201824568,20180302,20240223,취업자(건보가입자_교외),취업,,부산,직접입력,(주)타임텍,Y
2024,201824573,20180302,20230825,취업자(건보가입자_교외),취업,우아한형제들,서울,중소기업,우아한형제들,Y
2024,201824580,20180302,20240223,미상,미취업,,,,,
2024,201824586,20180302,20240223,미상,미취업,,,,,
2024,201824593,20180302,20240223,미상,미취업,,,,,
2024,201824597,20180302,20240223,미상,미취업,,,,,
2024,201824601,20180302,20240223,미상,미취업,,,,,
2024,201824611,20180302,20240223,취업자(건보가입자_교외),취업,한전KDN,울산,공공기관,한전KDN,Y
2024,201824615,20180302,20240223,취업자(건보가입자_교외),취업,(주)카카오,경기,대기업,(주)카카오,Y
2024,201824620,20180901,20230825,외국인,외국인,,,,,
2024,201824621,20180901,20240223,외국인,외국인,,,,,
2024,201824633,20200302,20230825,취업자(건보가입자_교외),취업,회사명미상,서울,회사명미상,회사명미상,Y
2024,201824634,20200302,20230825,미상,미취업,,,,,
2024,201824636,20200302,20240223,미상,미취업,,,,,
2024,201824637,20200302,20240223,미상,미취업,,,,,
2024,201824639,20200302,20230825,미상,미취업,,,,,
2024,201910102,20190304,20240223,미상,미취업,,,,,
2024,201924406,20190304,20230825,미상,미취업,,,,,
2024,201924417,20190304,20230825,미상,미취업,,,,,
2024,201924444,20190304,20230825,취업자(건보가입자_교외),취업,현대오토에버,서울,대기업,현대오토에버,Y
2024,201924464,20190304,20240223,취업자(건보가입자_교외),취업,,서울,직접입력,(주)슈퍼플래닛,Y
2024,201924472,20190304,20240223,진학자(국내대학원),진학,부산대학교 일반대학원,,,,
2024,201924533,20190304,20240223,진학자(국내대학원),진학,부산대학교 일반대학원,,,,
2024,201924539,20190304,20240223,미상,미취업,,,,,
2024,201924618,20190902,20240223,외국인,외국인,,경기,직접입력,(주)지오투정보기술,Y
2024,201924621,20190902,20230825,외국인,외국인,,,,,
2024,201924626,20190902,20230825,외국인,외국인,,,,,
2024,201924629,20190902,20230825,외국인,외국인,울산과학기술원 일반대학원,,,,
2024,201924647,20210301,20230825,미상,미취업,,,,,
2024,201924648,20210301,20240223,취업자(건보가입자_교외),취업,LG전자(주),경남,대기업,LG전자(주),Y
2024,201924649,20210301,20230825,미상,미취업,,,,,
2024,201924652,20210301,20230825,미상,미취업,,,,,
2024,201924654,20210301,20240223,미상,미취업,,,,,
2024,201924658,20210301,20230825,취업자(건보가입자_교외),취업,,서울,직접입력,(주)텐타브리드,Y
2024,201924663,20210301,20240223,취업자(건보가입자_교외),취업,(주)현대미포조선(HD현대미포),울산,대기업,(주)현대미포조선(HD현대미포),Y
2024,201924664,20210301,20230825,미상,미취업,,,,,
2024,201970146,20190304,20240223,미상,미취업,,,,,
2024,201714532,20170302,20240223,미상,미취업,,,,,
2024,201723148,20170302,20240223,미상,미취업,,,,,
2024,201812145,20180302,20240223,미상,미취업,,,,,
2024,201824534,20180302,20240223,취업자(건보가입자_교외),취업,(주)테크로스,부산,중소기업,(주)테크로스,Y
2024,201829160,20180302,20240223,진학자(국내대학원),진학,부산대학교 일반대학원,,,,
2024,201845806,20180302,20240223,취업자(건보가입자_교외),취업,쿠팡페이(주),서울,대기업,쿠팡페이(주),Y
2024,202055501,20200302,20240223,외국인,외국인,,,,,
2024,202055511,20200302,20240223,입대자,입대,,,,,
2024,202055516,20200302,20240223,미상,미취업,,,,,
2024,202055527,20200302,20240223,진학자(국내대학원),진학,부산대학교 일반대학원,,,,
2024,202055536,20200302,20240223,취업자(건보가입자_교외),취업,,서울,직접입력,블루오브젝트,Y
2024,202055550,20200302,20240223,진학자(국내대학원),진학,부산대학교 일반대학원,,,,
2024,202055562,20200302,20240223,외국인,외국인,,,,,
2024,202055571,20200302,20240223,진학자(국내대학원),진학,부산대학교 일반대학원,,,,
2024,202055578,20200302,20240223,미상,미취업,,,,,
2024,202055591,20200302,20240223,미상,미취업,,,,,
2024,202055600,20200302,20230825,진학자(국내대학원),진학,부산대학교 일반대학원,,,,
2024,202055607,20200302,20240223,취업자(건보가입자_교외),취업,,서울,직접입력,엔키소프트,Y
2024,202055609,20200302,20240223,취업자(건보가입자_교외),취업,코스콤,서울,대기업,코스콤,Y
2024,202055644,20220301,20240223,취업자(건보가입자_교외),취업,한국산업은행,서울,공공기관,한국산업은행,Y
2024,202055652,20220301,20240223,취업자(건보가입자_교외),취업,한국해양진흥공사,부산,공공기관,한국해양진흥공사,Y

